training-loss,epoch,step
7.3463921546936035,0,49
4.552547931671143,0,99
